Date,Mineral Composite Index,Return Rate (%),Anomaly Score,Anomaly Grade,Detection Reason
2012-02-17,1876.398419,-0.015237595,1,주의,RSI 과매도 구간
2012-03-07,1884.433766,-0.014836924,1,주의,RSI 과매도 구간
2012-03-12,1871.083318,-0.003983765,1,주의,MACD 데드크로스
2012-03-20,1897.056237,-0.002177009,1,주의,MACD 골든크로스
2012-03-22,1881.178589,-0.001105343,1,주의,MACD 데드크로스
2012-07-11,1693.792172,-0.000190664,1,주의,MACD 골든크로스
2012-07-24,1632.069438,-0.02180071,1,주의,RSI 과매도 구간
2012-08-02,1622.51468,-0.007850048,1,주의,MACD 데드크로스
2012-08-13,1607.825387,-0.013510831,1,주의,RSI 과매도 구간
2012-08-30,1547.310695,-0.016418276,1,주의,RSI 과매도 구간
2012-09-12,1639.783013,0.012458236,1,주의,MACD 골든크로스
2012-09-17,1682.983908,0.03400645,2,주의,"등락율 급등락, 이동평균 대비 과도한 이탈"
2012-09-18,1679.616819,-0.002000666,1,주의,이동평균 대비 과도한 이탈
2012-09-19,1685.029169,0.003222372,1,주의,이동평균 대비 과도한 이탈
2012-09-20,1696.947825,0.007073264,1,주의,이동평균 대비 과도한 이탈
2012-09-25,1645.414807,-0.01585434,1,주의,RSI 과매도 구간
2012-10-31,1604.853389,0.004701345,1,주의,MACD 데드크로스
2012-11-15,1643.697845,0.004752467,1,주의,MACD 골든크로스
2013-02-22,1800.536169,-0.013806788,1,주의,RSI 과매도 구간
2013-02-26,1780.377948,-0.003231385,1,주의,MACD 데드크로스
2013-03-04,1743.821845,-0.014798717,1,주의,RSI 과매도 구간
2013-03-19,1682.934429,-0.015539941,1,주의,RSI 과매도 구간
2013-04-16,1632.740689,-0.021055993,1,주의,RSI 과매도 구간
2013-06-07,1591.514509,-0.015527533,1,주의,RSI 과매도 구간
2013-06-11,1562.435175,-0.013394856,1,주의,RSI 과매도 구간
2013-06-25,1495.944667,-0.017006113,1,주의,RSI 과매도 구간
2013-07-18,1543.167794,0.006438375,1,주의,MACD 골든크로스
2013-09-23,1584.964208,-0.002246101,1,주의,MACD 데드크로스
2013-10-09,1591.683679,0.00856674,1,주의,MACD 골든크로스
2013-11-21,1585.232399,0.001063059,1,주의,MACD 데드크로스
2013-12-31,1614.161331,0.001152298,1,주의,MACD 골든크로스
2014-01-14,1580.115938,0.004229195,1,주의,MACD 데드크로스
2014-03-11,1453.741566,-0.031723182,2,주의,"등락율 급등락, RSI 과매도 구간"
2014-04-11,1521.64832,0.007609274,1,주의,MACD 골든크로스
2014-05-21,1478.135063,-0.004829043,1,주의,MACD 데드크로스
2014-06-30,1477.612805,2.59e-05,1,주의,MACD 골든크로스
2014-09-03,1489.478772,-0.001611393,1,주의,MACD 데드크로스
2014-10-17,1385.882359,-0.020640591,1,주의,RSI 과매도 구간
2014-11-03,1418.984405,0.006290244,1,주의,MACD 골든크로스
2014-12-03,1374.912179,-0.0019042,1,주의,MACD 데드크로스
2014-12-17,1342.678784,-0.013507923,1,주의,RSI 과매도 구간
2015-01-21,1340.323435,0.043887424,1,주의,등락율 급등락
2015-01-22,1306.411253,-0.025301492,1,주의,RSI 과매도 구간
2015-01-26,1296.15361,-0.01710684,1,주의,RSI 과매도 구간
2015-02-11,1280.024296,-0.001875069,1,주의,MACD 골든크로스
2015-03-23,1226.174881,0.000564108,1,주의,MACD 데드크로스
2015-03-30,1225.468232,-0.013613698,1,주의,RSI 과매도 구간
2015-04-24,1242.129258,-0.000957641,1,주의,MACD 골든크로스
2015-04-29,1287.402758,0.007697379,1,주의,이동평균 대비 과도한 이탈
2015-05-06,1305.658282,0.007039486,1,주의,이동평균 대비 과도한 이탈
2015-05-07,1313.530186,0.006029068,1,주의,이동평균 대비 과도한 이탈
2015-05-20,1260.046778,-0.019160595,1,주의,RSI 과매도 구간
2015-06-09,1250.512122,-0.001538972,1,주의,MACD 데드크로스
2015-07-07,1171.165978,-0.022974866,1,주의,RSI 과매도 구간
2015-07-08,1150.979229,-0.017236454,2,주의,"이동평균 대비 과도한 이탈, RSI 과매도 구간"
2015-07-09,1123.703916,-0.023697485,3,경계,"이동평균 대비 과도한 이탈, 볼린저밴드 하단 이탈, RSI 과매도 구간"
2015-07-10,1159.901199,0.032212474,1,주의,등락율 급등락
2015-07-22,1147.337183,-0.015951325,1,주의,RSI 과매도 구간
2015-08-07,1133.498025,-0.023845442,1,주의,RSI 과매도 구간
2015-08-18,1146.132227,-0.006489916,1,주의,MACD 골든크로스
2015-08-25,1100.133661,-0.028094143,2,주의,"등락율 급등락, RSI 과매도 구간"
2015-08-27,1111.895382,-0.005289214,1,주의,MACD 데드크로스
2015-09-07,1147.527703,-0.010224783,1,주의,MACD 골든크로스
2015-09-23,1126.246517,-0.013714406,1,주의,RSI 과매도 구간
2015-09-29,1112.275619,-0.014245156,1,주의,RSI 과매도 구간
2015-10-05,1099.669781,-0.022350787,1,주의,RSI 과매도 구간
2015-10-07,1107.338844,0.002188247,1,주의,MACD 데드크로스
2015-10-14,1128.104711,-0.0161906,1,주의,RSI 과매도 구간
2015-10-27,1095.722373,-0.00722175,1,주의,MACD 골든크로스
2015-10-29,1076.709817,-0.0138478,1,주의,RSI 과매도 구간
2015-11-06,1062.914161,-0.010448827,1,주의,MACD 데드크로스
2015-11-24,1008.88428,-0.023137909,1,주의,RSI 과매도 구간
2015-12-24,1019.443124,0.00354072,1,주의,MACD 골든크로스
2016-01-21,987.1329687,-0.015095975,1,주의,RSI 과매도 구간
2016-02-09,1029.843231,-0.018992189,1,주의,RSI 과매도 구간
2016-03-07,1109.621289,0.014321885,1,주의,이동평균 대비 과도한 이탈
2016-03-08,1153.516439,0.039558677,3,경계,"등락율 급등락, 이동평균 대비 과도한 이탈, 볼린저밴드 상단 이탈"
2016-03-09,1148.455209,-0.004387653,1,주의,이동평균 대비 과도한 이탈
2016-03-10,1123.700497,-0.021554791,1,주의,RSI 과매도 구간
2016-03-16,1094.2856,-0.016871959,1,주의,RSI 과매도 구간
2016-03-29,1098.237594,-0.013515595,1,주의,RSI 과매도 구간
2016-04-13,1104.396866,0.017731787,1,주의,MACD 데드크로스
2016-04-21,1161.589642,0.017083383,1,주의,MACD 골든크로스
2016-04-22,1189.497007,0.024025149,1,주의,이동평균 대비 과도한 이탈
2016-04-25,1175.19461,-0.012023903,1,주의,이동평균 대비 과도한 이탈
2016-04-26,1174.46342,-0.000622186,1,주의,이동평균 대비 과도한 이탈
2016-04-27,1156.213928,-0.015538579,1,주의,RSI 과매도 구간
2016-05-04,1164.281323,-0.016749637,1,주의,RSI 과매도 구간
2016-05-05,1146.002521,-0.015699644,1,주의,RSI 과매도 구간
2016-05-10,1109.345849,-0.026249491,1,주의,RSI 과매도 구간
2016-05-19,1102.111889,3.11e-05,1,주의,MACD 데드크로스
2016-05-24,1077.393804,-0.019479625,1,주의,RSI 과매도 구간
2016-06-29,1133.460199,0.009084522,1,주의,MACD 골든크로스
2016-07-05,1187.922407,0.025923581,1,주의,이동평균 대비 과도한 이탈
2016-07-07,1160.592888,-0.01353022,1,주의,RSI 과매도 구간
2016-07-13,1202.345207,0.022524379,1,주의,이동평균 대비 과도한 이탈
2016-07-14,1214.260494,0.009910038,1,주의,이동평균 대비 과도한 이탈
2016-07-15,1213.11554,-0.000942923,1,주의,이동평균 대비 과도한 이탈
2016-07-18,1216.952925,0.003163247,1,주의,이동평균 대비 과도한 이탈
2016-07-19,1200.559648,-0.013470756,1,주의,RSI 과매도 구간
2016-09-08,1259.354736,-0.001859769,1,주의,MACD 데드크로스
2016-09-26,1308.010607,0.004191125,1,주의,MACD 골든크로스
2016-10-28,1434.498598,0.00815115,1,주의,이동평균 대비 과도한 이탈
2016-10-31,1440.648329,0.004287025,1,주의,이동평균 대비 과도한 이탈
2016-11-01,1457.827207,0.011924407,1,주의,이동평균 대비 과도한 이탈
2016-11-02,1473.974138,0.011076026,1,주의,이동평균 대비 과도한 이탈
2016-11-03,1476.204226,0.001512976,1,주의,이동평균 대비 과도한 이탈
2016-11-04,1477.607508,0.000950602,1,주의,이동평균 대비 과도한 이탈
2016-11-07,1475.081443,-0.001709565,1,주의,이동평균 대비 과도한 이탈
2016-11-08,1505.611104,0.020696933,1,주의,이동평균 대비 과도한 이탈
2016-11-09,1520.705376,0.010025346,1,주의,이동평균 대비 과도한 이탈
2016-11-10,1552.457148,0.020879634,1,주의,이동평균 대비 과도한 이탈
2016-11-11,1583.92745,0.020271285,1,주의,이동평균 대비 과도한 이탈
2016-11-14,1619.615382,0.022531292,1,주의,이동평균 대비 과도한 이탈
2016-11-15,1580.694331,-0.024031045,2,주의,"이동평균 대비 과도한 이탈, RSI 과매도 구간"
2016-11-16,1542.002163,-0.024477957,1,주의,RSI 과매도 구간
2016-11-18,1499.186726,-0.019514136,1,주의,RSI 과매도 구간
2016-11-30,1570.981327,-0.022294441,1,주의,RSI 과매도 구간
2016-12-01,1534.928289,-0.022949374,1,주의,RSI 과매도 구간
2016-12-09,1559.896196,-0.005030239,1,주의,MACD 데드크로스
2017-01-09,1484.70555,-0.016256952,1,주의,RSI 과매도 구간
2017-03-10,1523.464485,-0.01777787,1,주의,RSI 과매도 구간
2017-03-22,1565.294632,-0.013388343,1,주의,RSI 과매도 구간
2017-04-06,1634.573755,0.033247577,1,주의,등락율 급등락
2017-04-10,1618.31299,-0.014258334,1,주의,RSI 과매도 구간
2017-04-13,1569.135153,-0.018896461,1,주의,RSI 과매도 구간
2017-05-05,1478.403319,-0.022838337,1,주의,RSI 과매도 구간
2017-05-08,1455.701773,-0.015355448,2,주의,"이동평균 대비 과도한 이탈, RSI 과매도 구간"
2017-05-09,1436.799862,-0.012984742,1,주의,이동평균 대비 과도한 이탈
2017-05-10,1437.362082,0.0003913,1,주의,이동평균 대비 과도한 이탈
2017-05-11,1438.382698,0.000710062,1,주의,이동평균 대비 과도한 이탈
2017-06-14,1399.774942,-0.016111611,1,주의,RSI 과매도 구간
2017-06-16,1385.282596,-0.017103872,1,주의,RSI 과매도 구간
2017-06-27,1430.594289,-0.005801119,1,주의,MACD 골든크로스
2017-08-01,1618.003855,0.026599466,1,주의,이동평균 대비 과도한 이탈
2017-08-10,1665.427047,0.011378976,1,주의,이동평균 대비 과도한 이탈
2017-09-22,1670.045359,-0.017845108,1,주의,RSI 과매도 구간
2017-09-25,1654.194871,-0.009491053,1,주의,MACD 데드크로스
2017-10-30,1664.230073,-0.016781091,1,주의,RSI 과매도 구간
2017-12-08,1688.408469,-0.015555988,1,주의,RSI 과매도 구간
2017-12-19,1783.162427,0.013125297,1,주의,MACD 골든크로스
2017-12-28,1842.362865,0.012753561,1,주의,이동평균 대비 과도한 이탈
2018-01-17,1839.573228,-0.01392774,1,주의,RSI 과매도 구간
2018-02-02,1839.405508,-0.00239793,1,주의,MACD 데드크로스
2018-02-09,1810.482709,-0.018271634,1,주의,RSI 과매도 구간
2018-03-09,1775.487893,-0.013748753,1,주의,RSI 과매도 구간
2018-03-20,1728.779602,-0.014688298,1,주의,RSI 과매도 구간
2018-03-27,1679.204581,-0.010235937,1,주의,이동평균 대비 과도한 이탈
2018-04-20,1815.462507,0.016570256,1,주의,이동평균 대비 과도한 이탈
2018-04-23,1785.781025,-0.016349268,1,주의,RSI 과매도 구간
2018-04-25,1748.898115,-0.017604768,2,주의,"RSI 과매도 구간, MACD 골든크로스"
2018-06-20,1808.901978,-0.016953769,1,주의,RSI 과매도 구간
2018-07-05,1760.632134,-0.01142173,1,주의,MACD 데드크로스
2018-08-16,1680.009017,-0.018532498,1,주의,RSI 과매도 구간
2018-08-17,1681.823356,0.001079958,1,주의,MACD 골든크로스
2018-08-24,1676.851378,-0.004986984,1,주의,MACD 데드크로스
2018-09-03,1708.304065,-0.004054622,1,주의,MACD 골든크로스
2018-09-05,1679.982853,-0.01303739,1,주의,MACD 데드크로스
2018-09-25,1723.131455,0.006642661,1,주의,MACD 골든크로스
2018-10-08,1743.401671,-0.015223703,1,주의,RSI 과매도 구간
2018-11-05,1704.029775,0.006988921,1,주의,MACD 데드크로스
2018-12-24,1667.343581,0.003154036,1,주의,MACD 골든크로스
2019-01-03,1631.744454,-0.014085384,2,주의,"RSI 과매도 구간, MACD 데드크로스"
2019-02-01,1670.193536,-0.003359465,1,주의,MACD 골든크로스
2019-04-02,1674.823824,-0.000323343,1,주의,MACD 데드크로스
2019-04-30,1674.935933,0.000412217,1,주의,MACD 골든크로스
2019-05-10,1637.445619,-0.003737305,1,주의,MACD 데드크로스
2019-07-04,1619.545899,0.005726395,1,주의,MACD 골든크로스
2019-08-06,1535.876196,-0.016075071,3,경계,"이동평균 대비 과도한 이탈, RSI 과매도 구간, MACD 데드크로스"
2019-09-17,1540.916051,0.017277373,1,주의,MACD 골든크로스
2019-11-15,1473.341215,-0.00259593,1,주의,MACD 데드크로스
2019-12-11,1502.401943,-0.000674451,1,주의,MACD 골든크로스
2020-01-27,1529.524384,-0.018439129,1,주의,RSI 과매도 구간
2020-01-31,1474.418019,-0.018188704,1,주의,RSI 과매도 구간
2020-02-06,1469.703699,-0.000959266,1,주의,MACD 데드크로스
2020-03-10,1449.168414,-0.015801621,1,주의,RSI 과매도 구간
2020-03-17,1432.857118,-0.022136751,1,주의,RSI 과매도 구간
2020-03-19,1400.874419,-0.019593656,1,주의,RSI 과매도 구간
2020-03-24,1355.275265,-0.030189335,3,경계,"등락율 급등락, 이동평균 대비 과도한 이탈, RSI 과매도 구간"
2020-03-25,1369.52885,0.010517115,1,주의,이동평균 대비 과도한 이탈
2020-04-20,1354.086826,-0.020788022,1,주의,RSI 과매도 구간
2020-04-22,1332.372518,-0.015077868,1,주의,RSI 과매도 구간
2020-04-27,1311.866715,-0.016959503,1,주의,RSI 과매도 구간
2020-05-04,1281.859905,-0.020545845,1,주의,RSI 과매도 구간
2020-05-26,1345.807338,0.0,1,주의,MACD 골든크로스
2020-10-05,1553.546564,-0.015376084,1,주의,RSI 과매도 구간
2020-10-20,1550.568015,-0.002331237,1,주의,MACD 데드크로스
2020-11-02,1569.397183,0.027708211,1,주의,등락율 급등락
2020-11-23,1657.711806,0.013455838,1,주의,MACD 골든크로스
2020-12-01,1724.658634,0.012530519,1,주의,이동평균 대비 과도한 이탈
2020-12-02,1725.040499,0.000221415,1,주의,이동평균 대비 과도한 이탈
2020-12-07,1764.898965,0.01978831,1,주의,이동평균 대비 과도한 이탈
2020-12-08,1762.54885,-0.001331586,1,주의,이동평균 대비 과도한 이탈
2020-12-09,1764.873933,0.001319159,1,주의,이동평균 대비 과도한 이탈
2020-12-10,1778.053047,0.007467454,1,주의,이동평균 대비 과도한 이탈
2020-12-11,1790.862374,0.007204131,1,주의,이동평균 대비 과도한 이탈
2020-12-14,1825.69589,0.019450694,1,주의,이동평균 대비 과도한 이탈
2020-12-15,1820.570025,-0.002807623,1,주의,이동평균 대비 과도한 이탈
2020-12-16,1818.608037,-0.001077678,1,주의,이동평균 대비 과도한 이탈
2020-12-17,1824.572342,0.003279599,1,주의,이동평균 대비 과도한 이탈
2020-12-21,1874.465016,0.023811244,1,주의,이동평균 대비 과도한 이탈
2020-12-22,1876.13848,0.000892769,1,주의,이동평균 대비 과도한 이탈
2020-12-23,1850.27266,-0.013786733,1,주의,RSI 과매도 구간
2021-02-17,2035.657421,0.000135577,1,주의,MACD 데드크로스
2021-03-01,2062.99119,-0.018618335,1,주의,RSI 과매도 구간
2021-03-05,2022.297031,-0.017334547,1,주의,RSI 과매도 구간
2021-03-29,2111.340887,0.035589847,1,주의,등락율 급등락
2021-04-12,2085.394782,-0.024745699,1,주의,RSI 과매도 구간
2021-05-10,2289.7361,0.018559015,1,주의,이동평균 대비 과도한 이탈
2021-05-11,2346.993355,0.02500605,1,주의,이동평균 대비 과도한 이탈
2021-05-12,2351.936375,0.002106108,2,주의,"이동평균 대비 과도한 이탈, MACD 골든크로스"
2021-05-13,2367.179844,0.006481242,1,주의,이동평균 대비 과도한 이탈
2021-05-14,2340.17827,-0.011406642,1,주의,이동평균 대비 과도한 이탈
2021-05-17,2301.322229,-0.016603881,1,주의,RSI 과매도 구간
2021-05-19,2352.489826,0.01759251,1,주의,이동평균 대비 과도한 이탈
2021-05-20,2314.889513,-0.015983199,1,주의,RSI 과매도 구간
2021-06-22,2421.023478,-0.013348122,1,주의,RSI 과매도 구간
2021-07-02,2493.491316,-0.00021122,1,주의,MACD 데드크로스
2021-07-06,2544.846667,0.016734805,1,주의,MACD 골든크로스
2021-07-08,2520.210657,-0.008487445,1,주의,MACD 데드크로스
2021-08-20,2483.061895,-0.036569149,2,주의,"등락율 급등락, RSI 과매도 구간"
2021-09-15,2678.343643,-0.017961722,1,주의,RSI 과매도 구간
2021-09-17,2627.354807,-0.016302866,1,주의,RSI 과매도 구간
2021-09-21,2572.472455,-0.025018393,1,주의,RSI 과매도 구간
2021-09-23,2665.196685,0.037530926,1,주의,등락율 급등락
2021-10-05,2871.467901,0.024829703,1,주의,이동평균 대비 과도한 이탈
2021-10-06,2903.935672,0.011307029,1,주의,이동평균 대비 과도한 이탈
2021-10-07,2823.032618,-0.027859796,3,경계,"등락율 급등락, RSI 과매도 구간, MACD 골든크로스"
2021-10-12,2994.413641,0.046907036,2,주의,"등락율 급등락, 이동평균 대비 과도한 이탈"
2021-10-13,3015.549436,0.007058408,2,주의,"이동평균 대비 과도한 이탈, 변동성 확대"
2021-10-14,3007.404935,-0.002700835,2,주의,"이동평균 대비 과도한 이탈, 변동성 확대"
2021-10-15,3044.024671,0.012176523,2,주의,"이동평균 대비 과도한 이탈, 변동성 확대"
2021-10-18,3086.644397,0.01400111,2,주의,"이동평균 대비 과도한 이탈, 변동성 확대"
2021-10-19,3073.746503,-0.004178613,2,주의,"이동평균 대비 과도한 이탈, 변동성 확대"
2021-10-20,3045.634074,-0.009145982,2,주의,"이동평균 대비 과도한 이탈, 변동성 확대"
2021-10-21,2961.035323,-0.027777057,3,경계,"등락율 급등락, 변동성 확대, RSI 과매도 구간"
2021-10-22,2817.93646,-0.048327307,3,경계,"등락율 급등락, 변동성 확대, RSI 과매도 구간"
2021-10-28,2774.196109,-0.03312653,2,주의,"등락율 급등락, RSI 과매도 구간"
2021-10-29,2696.182048,-0.028121322,3,경계,"등락율 급등락, 이동평균 대비 과도한 이탈, RSI 과매도 구간"
2021-11-01,2614.225342,-0.030397319,5,심각,"등락율 급등락, 이동평균 대비 과도한 이탈, 변동성 확대, RSI 과매도 구간, Isolation Forest 이상치"
2021-11-02,2555.863993,-0.022324529,4,경계,"이동평균 대비 과도한 이탈, 변동성 확대, RSI 과매도 구간, Isolation Forest 이상치"
2021-11-03,2513.569325,-0.01654809,4,경계,"이동평균 대비 과도한 이탈, 변동성 확대, RSI 과매도 구간, MACD 데드크로스"
2021-11-04,2613.691474,0.039832659,4,경계,"등락율 급등락, 이동평균 대비 과도한 이탈, 변동성 확대, Isolation Forest 이상치"
2021-11-05,2583.233885,-0.011653093,2,주의,"이동평균 대비 과도한 이탈, 변동성 확대"
2021-11-08,2519.596197,-0.024634892,4,경계,"이동평균 대비 과도한 이탈, 변동성 확대, RSI 과매도 구간, Isolation Forest 이상치"
2021-11-09,2570.266197,0.020110365,2,주의,"이동평균 대비 과도한 이탈, 변동성 확대"
2021-11-10,2561.416789,-0.003442993,2,주의,"이동평균 대비 과도한 이탈, 변동성 확대"
2021-11-11,2496.748825,-0.025246951,4,경계,"이동평균 대비 과도한 이탈, 변동성 확대, RSI 과매도 구간, Isolation Forest 이상치"
2021-11-12,2541.758019,0.018027121,2,주의,"이동평균 대비 과도한 이탈, 변동성 확대"
2021-11-15,2527.245722,-0.005709551,2,주의,"이동평균 대비 과도한 이탈, 변동성 확대"
2021-11-16,2507.206329,-0.007929341,2,주의,"이동평균 대비 과도한 이탈, 변동성 확대"
2021-11-17,2495.09592,-0.00483024,2,주의,"이동평균 대비 과도한 이탈, 변동성 확대"
2021-11-18,2487.831012,-0.002911675,2,주의,"이동평균 대비 과도한 이탈, 변동성 확대"
2021-11-19,2473.064842,-0.005935359,2,주의,"이동평균 대비 과도한 이탈, 변동성 확대"
2021-11-22,2519.134495,0.018628566,1,주의,변동성 확대
2021-11-24,2639.723671,0.027342945,1,주의,등락율 급등락
2021-11-25,2694.698885,0.020826125,1,주의,이동평균 대비 과도한 이탈
2021-11-26,2719.04557,0.00903503,1,주의,이동평균 대비 과도한 이탈
2021-11-29,2623.529398,-0.035128566,2,주의,"등락율 급등락, RSI 과매도 구간"
2021-12-01,2541.768626,-0.027684839,2,주의,"등락율 급등락, RSI 과매도 구간"
2021-12-14,2673.43959,0.01420404,1,주의,MACD 골든크로스
2021-12-17,2722.594468,0.028618164,1,주의,등락율 급등락
2021-12-22,2796.794118,0.009875442,1,주의,이동평균 대비 과도한 이탈
2021-12-23,2809.228196,0.004445833,1,주의,이동평균 대비 과도한 이탈
2021-12-24,2801.467793,-0.002762468,1,주의,이동평균 대비 과도한 이탈
2021-12-27,2818.827581,0.006196676,1,주의,이동평균 대비 과도한 이탈
2021-12-30,2734.570114,-0.01339406,1,주의,RSI 과매도 구간
2022-01-14,2977.096807,0.01656427,1,주의,이동평균 대비 과도한 이탈
2022-01-17,2995.19195,0.006078117,1,주의,이동평균 대비 과도한 이탈
2022-01-18,3016.314728,0.007052228,1,주의,이동평균 대비 과도한 이탈
2022-01-19,3023.556327,0.00240081,1,주의,이동평균 대비 과도한 이탈
2022-01-20,3053.123453,0.009778924,1,주의,이동평균 대비 과도한 이탈
2022-01-21,3071.471499,0.006009599,1,주의,이동평균 대비 과도한 이탈
2022-01-24,3110.784265,0.012799326,2,주의,"이동평균 대비 과도한 이탈, 변동성 확대"
2022-01-25,3086.856265,-0.007691951,2,주의,"이동평균 대비 과도한 이탈, 변동성 확대"
2022-01-26,3102.525443,0.005076096,2,주의,"이동평균 대비 과도한 이탈, 변동성 확대"
2022-01-27,3155.900789,0.017203838,2,주의,"이동평균 대비 과도한 이탈, 변동성 확대"
2022-01-28,3141.159763,-0.004670941,2,주의,"이동평균 대비 과도한 이탈, 변동성 확대"
2022-01-31,3155.461921,0.004553146,2,주의,"이동평균 대비 과도한 이탈, 변동성 확대"
2022-02-01,3136.177572,-0.006111419,1,주의,변동성 확대
2022-02-15,3212.797536,-0.02039549,1,주의,RSI 과매도 구간
2022-02-16,3162.30021,-0.015717556,1,주의,RSI 과매도 구간
2022-02-21,3162.380775,-0.025208478,1,주의,RSI 과매도 구간
2022-02-23,3279.613296,0.028049413,1,주의,등락율 급등락
2022-02-25,3426.537774,0.040319075,3,경계,"등락율 급등락, 이동평균 대비 과도한 이탈, 볼린저밴드 상단 이탈"
2022-02-28,3344.260071,-0.024011906,1,주의,RSI 과매도 구간
2022-03-01,3431.758631,0.026163802,1,주의,이동평균 대비 과도한 이탈
2022-03-02,3539.906454,0.03151382,2,주의,"등락율 급등락, 이동평균 대비 과도한 이탈"
2022-03-03,3900.406806,0.101838949,5,심각,"등락율 급등락, 이동평균 대비 과도한 이탈, 볼린저밴드 상단 이탈, 변동성 확대, Isolation Forest 이상치"
2022-03-04,3856.392767,-0.011284474,4,경계,"이동평균 대비 과도한 이탈, 볼린저밴드 상단 이탈, 변동성 확대, Isolation Forest 이상치"
2022-03-07,4010.222777,0.039889612,5,심각,"등락율 급등락, 이동평균 대비 과도한 이탈, 볼린저밴드 상단 이탈, 변동성 확대, Isolation Forest 이상치"
2022-03-08,4212.575581,0.050459243,5,심각,"등락율 급등락, 이동평균 대비 과도한 이탈, 볼린저밴드 상단 이탈, 변동성 확대, Isolation Forest 이상치"
2022-03-09,4095.184037,-0.027866929,5,심각,"등락율 급등락, 이동평균 대비 과도한 이탈, 변동성 확대, RSI 과매도 구간, Isolation Forest 이상치"
2022-03-10,4082.886259,-0.003002986,3,경계,"이동평균 대비 과도한 이탈, 변동성 확대, Isolation Forest 이상치"
2022-03-11,3966.655828,-0.028467712,5,심각,"등락율 급등락, 이동평균 대비 과도한 이탈, 변동성 확대, RSI 과매도 구간, Isolation Forest 이상치"
2022-03-14,3966.836146,4.55e-05,3,경계,"이동평균 대비 과도한 이탈, 변동성 확대, Isolation Forest 이상치"
2022-03-15,3851.166569,-0.029159152,5,심각,"등락율 급등락, 이동평균 대비 과도한 이탈, 변동성 확대, RSI 과매도 구간, Isolation Forest 이상치"
2022-03-16,3684.040869,-0.043396124,4,경계,"등락율 급등락, 변동성 확대, RSI 과매도 구간, Isolation Forest 이상치"
2022-03-17,3591.35838,-0.025157834,3,경계,"변동성 확대, RSI 과매도 구간, Isolation Forest 이상치"
2022-03-18,3595.52342,0.001159739,2,주의,"변동성 확대, Isolation Forest 이상치"
2022-03-21,3632.140519,0.01018408,2,주의,"변동성 확대, Isolation Forest 이상치"
2022-03-22,3622.699182,-0.002599387,2,주의,"변동성 확대, Isolation Forest 이상치"
2022-03-23,3682.954247,0.016632644,2,주의,"변동성 확대, Isolation Forest 이상치"
2022-03-24,3723.581048,0.011031036,2,주의,"변동성 확대, Isolation Forest 이상치"
2022-03-25,3811.471115,0.02360364,2,주의,"변동성 확대, Isolation Forest 이상치"
2022-03-28,3766.183559,-0.01188191,2,주의,"변동성 확대, Isolation Forest 이상치"
2022-03-29,3773.077672,0.00183053,2,주의,"변동성 확대, Isolation Forest 이상치"
2022-03-30,3765.221779,-0.002082091,2,주의,"변동성 확대, Isolation Forest 이상치"
2022-03-31,3780.208675,0.003980349,2,주의,"변동성 확대, Isolation Forest 이상치"
2022-04-01,3807.020314,0.007092635,2,주의,"변동성 확대, Isolation Forest 이상치"
2022-04-04,3802.775263,-0.001115058,2,주의,"변동성 확대, Isolation Forest 이상치"
2022-04-05,3829.200859,0.006949029,2,주의,"변동성 확대, Isolation Forest 이상치"
2022-04-06,3867.332916,0.009958229,3,경계,"변동성 확대, MACD 데드크로스, Isolation Forest 이상치"
2022-04-07,3880.826025,0.003488996,1,주의,Isolation Forest 이상치
2022-04-12,3815.210838,-0.016319895,1,주의,RSI 과매도 구간
2022-04-26,3830.49345,-0.015358992,1,주의,RSI 과매도 구간
2022-04-28,3739.781916,-0.013482637,1,주의,RSI 과매도 구간
2022-05-10,3617.197369,-0.030304666,3,경계,"등락율 급등락, RSI 과매도 구간, Isolation Forest 이상치"
2022-05-11,3578.327191,-0.010745938,1,주의,이동평균 대비 과도한 이탈
2022-05-13,3585.999699,-0.003831069,1,주의,변동성 확대
2022-05-16,3561.058707,-0.006955102,1,주의,변동성 확대
2022-05-17,3621.593825,0.016999191,1,주의,변동성 확대
2022-05-25,3647.863254,-0.022736436,1,주의,RSI 과매도 구간
2022-05-26,3563.40613,-0.023152492,1,주의,RSI 과매도 구간
2022-05-31,3719.797488,0.033547365,1,주의,등락율 급등락
2022-06-02,3706.487679,-0.015173074,1,주의,RSI 과매도 구간
2022-06-08,3687.230981,-0.018535436,1,주의,RSI 과매도 구간
2022-06-13,3624.165844,-0.017004336,1,주의,RSI 과매도 구간
2022-06-14,3533.558016,-0.025001016,1,주의,RSI 과매도 구간
2022-06-17,3475.563691,-0.015356885,1,주의,RSI 과매도 구간
2022-06-21,3422.692802,-0.011364913,1,주의,이동평균 대비 과도한 이탈
2022-06-23,3395.535663,-0.017203637,3,경계,"이동평균 대비 과도한 이탈, 변동성 확대, RSI 과매도 구간"
2022-06-24,3381.907023,-0.004013694,2,주의,"이동평균 대비 과도한 이탈, 변동성 확대"
2022-06-27,3321.181972,-0.017955861,3,경계,"이동평균 대비 과도한 이탈, 변동성 확대, RSI 과매도 구간"
2022-06-28,3355.6841,0.010388509,2,주의,"이동평균 대비 과도한 이탈, 변동성 확대"
2022-06-29,3408.188835,0.015646507,1,주의,변동성 확대
2022-06-30,3395.303663,-0.003780651,1,주의,변동성 확대
2022-07-01,3343.461866,-0.015268678,2,주의,"변동성 확대, RSI 과매도 구간"
2022-07-04,3253.569865,-0.026885906,4,경계,"등락율 급등락, 이동평균 대비 과도한 이탈, 변동성 확대, RSI 과매도 구간"
2022-07-05,3272.969651,0.005962615,2,주의,"이동평균 대비 과도한 이탈, 변동성 확대"
2022-07-06,3232.626713,-0.012326096,2,주의,"이동평균 대비 과도한 이탈, 변동성 확대"
2022-07-07,3212.936172,-0.006091189,2,주의,"이동평균 대비 과도한 이탈, 변동성 확대"
2022-07-08,3302.364708,0.027833898,1,주의,등락율 급등락
2022-07-15,3153.782126,-0.014615109,1,주의,RSI 과매도 구간
2022-07-18,3034.994161,-0.037665241,3,경계,"등락율 급등락, 이동평균 대비 과도한 이탈, RSI 과매도 구간"
2022-07-19,3052.453296,0.005752609,1,주의,이동평균 대비 과도한 이탈
2022-07-22,3079.422728,-0.013576234,1,주의,RSI 과매도 구간
2022-08-05,3254.592622,-0.014711675,1,주의,RSI 과매도 구간
2022-08-12,3345.619023,0.014790228,1,주의,MACD 골든크로스
2022-08-16,3289.250839,-0.015036451,1,주의,RSI 과매도 구간
2022-08-22,3232.9519,-0.01347073,1,주의,RSI 과매도 구간
2022-08-31,3240.242484,-0.027952827,2,주의,"등락율 급등락, RSI 과매도 구간"
2022-09-15,3253.945625,-0.01853021,1,주의,RSI 과매도 구간
2022-09-26,3190.137005,-0.013839755,1,주의,RSI 과매도 구간
2022-09-30,3239.847352,0.032639432,1,주의,등락율 급등락
2022-10-04,3156.032674,-0.018598227,1,주의,RSI 과매도 구간
2022-10-31,3075.856858,-0.013596836,1,주의,RSI 과매도 구간
2022-11-01,3005.044921,-0.023021857,2,주의,"RSI 과매도 구간, MACD 데드크로스"
2022-11-07,3114.091725,0.027444728,1,주의,등락율 급등락
2022-11-11,3062.253934,-0.014250243,1,주의,RSI 과매도 구간
2022-11-14,3189.198725,0.041454691,1,주의,등락율 급등락
2022-11-16,3288.904732,0.018680134,2,주의,"이동평균 대비 과도한 이탈, MACD 골든크로스"
2022-12-01,3394.59025,0.011386168,1,주의,이동평균 대비 과도한 이탈
2022-12-05,3413.851574,0.009249954,1,주의,이동평균 대비 과도한 이탈
2022-12-06,3470.509806,0.016596572,1,주의,이동평균 대비 과도한 이탈
2022-12-07,3423.954025,-0.013414681,1,주의,RSI 과매도 구간
2023-01-10,3425.573125,0.005236218,1,주의,MACD 데드크로스
2023-01-17,3482.150432,0.000548178,1,주의,MACD 골든크로스
2023-01-26,3374.767172,-0.014199143,1,주의,RSI 과매도 구간
2023-01-30,3404.278456,0.007697865,1,주의,MACD 데드크로스
2023-02-01,3341.68086,-0.01783937,1,주의,RSI 과매도 구간
2023-02-03,3309.668746,-0.013865944,1,주의,RSI 과매도 구간
2023-02-10,3171.418114,-0.026867699,3,경계,"등락율 급등락, 이동평균 대비 과도한 이탈, RSI 과매도 구간"
2023-02-14,3154.430853,-0.014678258,2,주의,"이동평균 대비 과도한 이탈, RSI 과매도 구간"
2023-02-15,3146.942087,-0.002374047,1,주의,이동평균 대비 과도한 이탈
2023-02-16,3141.207465,-0.001822284,1,주의,이동평균 대비 과도한 이탈
2023-02-17,3119.112573,-0.007033885,1,주의,이동평균 대비 과도한 이탈
2023-02-22,3238.55413,0.030854545,1,주의,등락율 급등락
2023-02-27,3182.500574,-0.013759833,1,주의,RSI 과매도 구간
2023-03-07,3127.147765,-0.016424444,1,주의,RSI 과매도 구간
2023-03-16,3051.511564,-0.019647065,1,주의,RSI 과매도 구간
2023-04-05,3142.26319,-0.018358261,1,주의,RSI 과매도 구간
2023-04-07,3033.213622,-0.023391092,1,주의,RSI 과매도 구간
2023-04-24,2943.652737,-0.017125132,1,주의,RSI 과매도 구간
2023-04-25,2901.081726,-0.014461968,1,주의,RSI 과매도 구간
2023-04-26,2871.242884,-0.010285419,1,주의,이동평균 대비 과도한 이탈
2023-04-28,2849.917322,-0.005708357,1,주의,이동평균 대비 과도한 이탈
2023-05-05,2794.247344,-0.01826353,1,주의,RSI 과매도 구간
2023-05-08,2772.106922,-0.007923572,1,주의,이동평균 대비 과도한 이탈
2023-05-11,2778.13874,-0.014350887,1,주의,RSI 과매도 구간
2023-05-12,2728.276167,-0.017948194,2,주의,"이동평균 대비 과도한 이탈, RSI 과매도 구간"
2023-05-24,2695.04781,-0.016264678,1,주의,RSI 과매도 구간
2023-05-25,2646.000354,-0.018199104,1,주의,RSI 과매도 구간
2023-05-26,2611.3023,-0.013113397,1,주의,이동평균 대비 과도한 이탈
2023-06-14,2735.966722,0.002192471,1,주의,MACD 골든크로스
2023-06-26,2755.276923,-0.013396438,1,주의,RSI 과매도 구간
2023-07-24,2801.444829,-0.013900913,1,주의,RSI 과매도 구간
2023-07-26,2896.331807,0.032861868,1,주의,등락율 급등락
2023-07-28,2851.621871,-0.016411478,1,주의,RSI 과매도 구간
2023-07-31,2807.702155,-0.015401662,1,주의,RSI 과매도 구간
2023-09-22,2844.503223,-0.015624517,1,주의,RSI 과매도 구간
2023-10-04,2783.050996,-0.015667797,1,주의,RSI 과매도 구간
2023-10-11,2738.1825,-0.006860894,1,주의,MACD 데드크로스
2023-11-01,2726.752232,-0.014578918,1,주의,RSI 과매도 구간
2023-11-21,2761.528827,0.000791371,1,주의,MACD 골든크로스
2023-12-06,2723.894954,-0.013492171,1,주의,RSI 과매도 구간
2023-12-14,2721.03497,-0.005486294,1,주의,MACD 데드크로스
2024-02-20,2652.14169,-0.004876081,1,주의,MACD 골든크로스
2024-04-08,2707.200462,0.001438997,1,주의,MACD 데드크로스
2024-04-11,2772.734806,0.010748846,1,주의,MACD 골든크로스
2024-04-16,2841.79547,0.011567698,1,주의,이동평균 대비 과도한 이탈
2024-04-18,2875.646299,0.014810528,1,주의,이동평균 대비 과도한 이탈
2024-04-19,2922.887728,0.016428108,1,주의,이동평균 대비 과도한 이탈
2024-04-22,2946.20973,0.007979096,1,주의,이동평균 대비 과도한 이탈
2024-04-23,2929.47753,-0.005679229,1,주의,이동평균 대비 과도한 이탈
2024-04-24,2886.010511,-0.014837806,1,주의,RSI 과매도 구간
